text,label
,
bot, What's the primary goal of your machine learning model?
user,Classification of customer churn
bot,Which features are crucial for your model's prediction?
user,"Customer age, subscription duration, usage frequency."
bot,How do you handle missing data in your dataset?
user,Impute missing values with the mean.
bot,What type of encoding do you prefer for categorical variables?
user,One-hot encoding.
bot,Do you need to scale or normalize your numerical features?
user,Min-max scaling.
bot,Are there any outliers in your dataset that need attention?
user,"Yes, identify and handle outliers."
bot,What's your strategy for dealing with imbalanced classes?
user,Using SMOTE for the minority class.
bot,Is there a need for feature engineering?
user,Log transformation for skewed features.
bot,How do you split your dataset into training and testing sets?
user,80-20 split for training and testing.
bot,Any specific data augmentation techniques for image data?
user,"Yes, random rotation for image augmentation."
bot,hi
user,"hello, how you doing?"
bot,"I am good, what about you?"
user,I am also fine and bit tired
bot,sorry to hear that you are tired. may I know the reason may be I help you
user,"I am doing my homework since three hourse, but it is not ending"
bot,"sorry to hear that you got a lot of homework, take rest and do your homework after being easy"
user,okay
bot,yes
user,assalam o alaikum
bot,walikum salam
user,assalamoalaikum
user,salam
user,how are you?
bot,"same as yesterday, what about you?"
,Assalam o Alaikum! How are you today?
,"Wa Alaikum Assalam! I'm doing well, thank you. How about you?"
,"I'm good, thank you. What's your name?"
,I'm Muhammad Sajjad Rasool. Nice to meet you. What's your name?
,"I'm Sarah. Pleasure to meet you too, Muhammad. So, what do you do?"
,"I'm a student of Machine Learning and Artificial Intelligence at Federal Urdu University. It's quite fascinating. How about you, Sarah?"
,That sounds interesting! I work as a graphic designer. Do you enjoy studying AI and ML?
,"Absolutely! It's my passion. I even have a hobby website where I build, train, and deploy AI/ML models. How about you? Do you enjoy graphic designing?"
,"Yes, I do. It allows me to be creative. Your hobby website sounds cool. What do you usually work on?"
,"I work on various projects, from image classification to natural language processing. It's challenging but rewarding. How about your graphic design projects?"
,"I mostly work on branding and visual identity. Logos, brochures, you name it. It's satisfying to see my designs come to life. By the way, how did you get into AI and ML?"
,"I've always been curious about technology, and AI/ML seemed like the future. I started learning on my own, and now I'm pursuing it academically. What about you? How did you become a graphic designer?"
,"I've had a passion for art since I was a child. Graphic design felt like a natural fit. I took some courses and built my skills over time. So, what's Karachi like? I've never been there."
,"Karachi is vibrant and diverse. The city never sleeps! There's so much to explore, from historical sites to delicious street food. Have you ever visited Pakistan?"
,"No, I haven't, but it sounds fascinating. I'd love to experience the culture and try the food someday. What's your favorite thing about Karachi?"
,"I love the energy and the people. Everyone is so welcoming. And of course, the food is amazing. You should definitely plan a visit. What about your city? What do you like most?"
,"I love the mix of modern and traditional elements in my city. The technology scene is growing, and there's always something new to discover. Speaking of which, have you tried any interesting AI applications lately?"
,I recently explored a new natural language processing tool. It's impressive how AI is advancing in understanding human language. How about you? Any graphic design tools or trends you find exciting?
,"I've been experimenting with augmented reality in my designs. It adds an interactive element, which is quite cool. Trends-wise, minimalistic designs are still quite popular. What's your take on the future of AI?"
,"I believe AI will continue to revolutionize various industries. The potential for solving complex problems is immense. However, ethical considerations are crucial. We need to ensure responsible AI development. What are your thoughts?"
,I completely agree. Ethical use of AI is paramount. Balancing technological advancement with ethical guidelines is crucial for a sustainable future. It's great to discuss these topics with someone who shares the same passion. What's your opinion on the future of graphic design?
,"I think graphic design will become even more interactive and immersive. With technologies like augmented reality and virtual reality on the rise, designers will have exciting new avenues to explore. It's an exciting time to be in the creative field. What do you think?"
,"Absolutely! The merging of design and technology opens up endless possibilities. It's fascinating to think about the innovations that lie ahead. By the way, do you have any favorite AI or ML projects that you've worked on?"
,One of my favorite projects was creating a chatbot for customer support. It significantly improved response times and customer satisfaction. What about you? Any graphic design projects that you're particularly proud of?
,I worked on a branding project for a local startup. Seeing their brand come to life and making an impact in the market was incredibly satisfying. It's these moments that make the job worthwhile. What's your most challenging AI project?
,I faced a challenging project involving anomaly detection in medical data. It required a deep understanding of both AI algorithms and medical concepts. It was tough but rewarding when we achieved accurate results. How about you? Any challenging graphic design projects?
,"I worked on a project where the client had a very specific vision, and translating that into a design was challenging. It pushed my creativity to the limit, but in the end, the client was delighted with the outcome. Challenges do bring out the best in us, don't they?"
,"Absolutely! They are opportunities for growth and learning. It's essential to embrace challenges in both AI and design to continually improve our skills. By the way, do you have any favorite hobbies outside of work and studies?"
,"I enjoy reading and exploring new places. It helps me relax and gain new perspectives. What about you? Besides your AI/ML projects, any other hobbies?"
,"I like to stay updated on the latest tech trends. Apart from that, I enjoy coding for fun and experimenting with new ideas. It keeps my mind engaged. Reading is a great way to unwind, isn't it?"
,"Definitely! It's a wonderful escape. I often find inspiration in books that I can incorporate into my designs. Plus, it's a great way to learn about different cultures and perspectives. What kind of books do you usually enjoy?"
,"I like a mix of fiction and non-fiction. Science fiction is a favorite, but I also enjoy books on psychology and technology. It's fascinating to explore the human mind and the advancements shaping our future. How about you?"
,"I'm more into technical books, especially those related to AI and machine learning. But I do try to balance it with some fiction for a change of pace. Any recommendations for a good read?"
,"If you're into science fiction, ""Neuromancer"" by William Gibson is a classic. For a more technical read, ""Life 3.0"" by Max Tegmark explores the future of artificial intelligence. What about you? Any books you'd recommend?"
,"For AI enthusiasts, ""Artificial Intelligence: A Guide for Thinking Humans"" by Melanie Mitchell is insightful. And for a change, ""The Alchemist"" by Paulo Coelho is a timeless classic that offers profound life lessons. Have you read any of these?"
,"Not yet, but they sound intriguing. I'll add them to my reading list. Thanks for the recommendations! By the way, do you have any favorite places you like to visit in Karachi?"
,I love Clifton Beach and the historical sites like Mohatta Palace. The blend of nature and history is captivating. How about you? Any favorite spots in your city?
,"I enjoy exploring the tech hubs and attending meetups to stay connected with the industry. It's a great way to meet like-minded individuals and discover new ideas. Speaking of which, have you attended any interesting AI conferences or meetups?"
,"I've attended a few conferences, and they've been incredibly enriching. It's inspiring to see the latest research and innovations in the field. Networking with professionals and researchers is an invaluable experience. Have you been to any design-related events?"
,"Yes, design conferences are always insightful. They provide a platform to learn about new design trends, tools, and connect with other designers. Networking is key in both our fields, isn't it? How do you usually stay updated on the latest in AI and ML?"
,"I follow reputable journals, research publications, and online platforms. Engaging in forums and discussions also helps me stay informed about emerging trends and breakthroughs. How about you? Any specific resources you find valuable?"
,"I rely on online courses, research papers, and discussions in the AI community. Platforms like arXiv and Medium are great for keeping up with the latest developments. It's a continuous learning process, isn't it?"
,"Absolutely! The field is evolving rapidly, and staying updated is crucial. Continuous learning keeps our skills sharp and allows us to contribute meaningfully to the advancements in AI and design. By the way, how do you balance your studies, work, and hobbies?"
,"Time management is key. I allocate specific time slots for studying, working on projects, and pursuing my hobbies. Setting priorities and maintaining a routine helps me stay organized. How about you? Any tips for balancing your busy schedule?"
,"I prioritize tasks based on deadlines and importance. Planning ahead and breaking down larger tasks into smaller, manageable steps makes the workload more manageable. It's all about finding a balance that works for you. What about your long-term goals in AI and ML?"
,I aspire to contribute to impactful projects that leverage AI for social good. Solving real-world problems and making a positive difference is my ultimate goal. How about you? What are your long-term goals in graphic design?
,"I aim to establish my own design studio and collaborate on projects that not only showcase creativity but also contribute positively to society. Using design to make a meaningful impact is what drives me. It's wonderful to have a vision for creating positive change through our respective fields. By the way, have you ever thought of combining AI and graphic design in your projects?"
,I've experimented with incorporating AI-generated elements into my designs. It adds a unique touch and opens up new creative possibilities. The intersection of AI and design is an exciting space to explore. Have you tried any collaborative projects involving both AI and design?
,"Not yet, but it's something I've been considering. The synergy between AI and design has immense potential for creating innovative and personalized user experiences. It's a direction I'm eager to explore further. It's refreshing to have such a thought-provoking conversation. We've covered a lot of ground, from our passions to our favorite books and future aspirations. I've truly enjoyed getting to know you better, Sarah."
,"Likewise, Muhammad. It's been a pleasure learning about your journey in AI and ML. I appreciate the depth of our conversation and the exchange of ideas. Here's to the beginning of a great friendship!"
,"Indeed, Sarah. Here's to new friendships, shared interests, and the exciting journeys ahead. Thank you for this wonderful conversation!"
